﻿<?xml version="1.0" encoding="utf-8" ?>
<Defs>

  

<!-- UN-Building -->
    <DesignationCategoryDef>
    <defName>SadjuukUN-Building</defName>
    <label>UN-Building</label>
    <description>Available technologies from UN and UNSC colonization program</description>
    <order>728</order>
    <specialDesignatorClasses>
      <li>Designator_Cancel</li>
      <li>Designator_Deconstruct</li>
      <li>Designator_SmoothSurface</li>
      <li>Designator_RemoveFloor</li>
    </specialDesignatorClasses>
  </DesignationCategoryDef>
  
</Defs>